,Image,F1,Jaccard,Recall,Precision
0,3938.png,0.9748953974895397,0.9510204081632653,0.9620148637489678,0.9881255301102629
1,2987.png,0.8896256248087321,0.8011943040881948,0.8253833049403748,0.9647123893805309
2,3306.png,0.9436897026973815,0.8933830382106244,0.963610776035384,0.9245756172839507
3,3108.png,0.8442693164296727,0.7305069670916099,0.7388305847076462,0.9848121502797762
4,3665.png,0.9060971019947308,0.828315843798383,0.967644694533762,0.8519108280254777
5,1882.png,0.8135802469135803,0.6857440166493236,0.7987878787878788,0.8289308176100629
6,1536.png,0.9772727272727273,0.9555555555555556,0.9870022123893806,0.9677331887201736
7,2842.png,0.9171647240176326,0.847002997002997,0.8939793336145087,0.9415847631739686
8,1833.png,0.921417565485362,0.8542857142857143,0.8863636363636364,0.9593582887700535
9,2982.png,0.5950991831971996,0.42358803986710963,0.44874615046194455,0.8831168831168831
10,3987.png,0.796454256564643,0.6617565314063368,0.6636933797909408,0.995609450135898
11,1338.png,0.8299526066350711,0.7093324692158134,0.939081939081939,0.743546195652174
12,197.png,0.9271758436944938,0.8642384105960265,0.8642384105960265,1.0
13,2748.png,0.9279339283335553,0.8655566600397614,0.8819954418840212,0.978920741989882
14,3838.png,0.7908745247148289,0.6540880503144654,0.6540880503144654,1.0
15,2661.png,0.8998366434528415,0.8179118474523288,0.8567452521283563,0.9474923049067536
16,1851.png,0.9057421451787648,0.8277227722772277,0.9750083305564812,0.8456647398843931
17,1518.png,0.8075002773771218,0.6771492370673614,0.7632130872483222,0.8572438162544169
18,1615.png,0.9780144122641942,0.956974759723345,0.9832041343669251,0.9728791891151493
19,3352.png,0.7604456824512535,0.6134831460674157,0.8312309699869509,0.7007700770077008
20,1105.png,0.9742012643089014,0.9497001998667555,0.9586415601882986,0.9902744008336228
21,2044.png,0.24929577464788732,0.1423974255832663,1.0,0.1423974255832663
22,3790.png,0.9638009049773756,0.9301310043668122,0.9594594594594594,0.9681818181818181
23,1201.png,0.0,0.0,0.0,0.0
24,3319.png,0.9675778766687858,0.937192118226601,0.9634435828453869,0.9717478052673584
25,381.png,0.0,0.0,0.0,0.0
26,2343.png,0.9555142325847518,0.9148178581210628,0.9651784424216153,0.9460416371618751
27,630.png,0.9493449781659389,0.9035743973399833,0.9850475758948799,0.9161399072903498
28,3288.png,0.9177693307029783,0.8480348568379869,0.8643284393692224,0.9782541799158888
29,2736.png,0.7281001137656428,0.5724508050089445,0.5724508050089445,1.0
30,2126.png,0.938566552901024,0.8842443729903537,0.9016393442622951,0.9786476868327402
31,797.png,0.9720930232558139,0.9457013574660633,0.974169741697417,0.9700251402049893
32,1329.png,0.9608355091383811,0.9246231155778895,0.9654100272055965,0.9563041385948027
33,3404.png,0.9353033355719721,0.8784693019343986,0.8839708869329722,0.9929651107519726
34,270.png,0.9688838600177807,0.9396457124941213,0.9470690472428503,0.9917273328921244
35,2460.png,0.9393579072532701,0.8856502242152466,0.9245172615564657,0.9546827794561934
36,65.png,0.9495216100296932,0.9038944723618091,0.9271907216494846,0.9729546991210277
37,2003.png,0.366489496330043,0.22435698791447165,0.7342799188640974,0.24418212478920742
38,1146.png,0.9600340136054422,0.9231398201144726,0.9307502061005771,0.9912203687445127
39,1821.png,0.0,0.0,0.0,0.0
40,3900.png,0.3330507037476683,0.1997965412004069,0.9370229007633588,0.2025159826768406
41,2060.png,0.8972746331236898,0.8136882129277566,0.8199233716475096,0.9907407407407407
42,3436.png,0.0,0.0,0.0,0.0
43,1546.png,0.9249183895538629,0.8603238866396761,0.91792656587473,0.9320175438596491
44,2883.png,0.9109787753855549,0.8365114974761638,0.9306364392678869,0.8921343834114246
45,3649.png,0.6740322312676524,0.5083322891868187,0.6828816697525669,0.6654092176480236
46,1200.png,0.060124610591900315,0.030994058133932873,0.03110144226895496,0.8997668997668997
47,361.png,0.9856192315947628,0.9716462124418113,0.9832976445396145,0.9879518072289156
48,3230.png,0.9367296631059984,0.8809891808346213,0.9336609336609336,0.9398186314921682
49,3093.png,0.7885038038884192,0.6508512419759978,0.8531187122736419,0.7329875844727329
50,2956.png,0.0,0.0,0.0,0.0
51,534.png,0.9330193615907902,0.874448258950466,0.9504264392324094,0.9162384378211716
52,3301.png,0.9534536031097378,0.911047619047619,0.9621806477569905,0.9448834452785461
53,3678.png,0.9299722764144163,0.8691104500527781,0.9243723208818126,0.9356404958677685
54,2680.png,0.9296296296296296,0.8685121107266436,0.9416676751785066,0.9178954818921788
55,1336.png,0.8026022304832714,0.6702887302080099,0.9334198011240813,0.7039452233452885
56,3057.png,0.8444063437633949,0.7307121661721068,0.9137291280148423,0.7848605577689243
57,3922.png,0.7038391224862889,0.5430183356840621,0.5437853107344632,0.9974093264248705
58,3971.png,0.8672566371681415,0.765625,0.7865168539325843,0.9664694280078896
59,1809.png,0.9199352786921832,0.851740882322554,0.8920147154295607,0.9496601773989172
60,2223.png,0.9387673956262426,0.8846009741476208,0.9736082474226804,0.9063339731285989
61,2367.png,0.9529111575040594,0.9100575985821887,0.9598130841121495,0.9461077844311377
62,3656.png,0.926161557740505,0.8624775583482944,0.9199540405974722,0.9324534161490683
63,1006.png,0.863768115942029,0.7602040816326531,0.7821522309711286,0.9644012944983819
64,290.png,0.9486943164362519,0.90239625949737,0.9631940112289458,0.9346246973365617
65,3882.png,0.8256401323811182,0.7030554731533669,0.992462311557789,0.7068297047420221
66,1764.png,0.0013324450366422385,0.0006666666666666666,0.0006666666666666666,1.0
67,1592.png,0.9613763440860216,0.9256253105847275,0.9375838926174497,0.9864077669902913
68,3964.png,0.005862237420615535,0.002939735423811857,0.00351288056206089,0.017699115044247787
69,3956.png,0.9568345323741008,0.9172413793103448,0.9395604395604396,0.9747557003257329
70,999.png,0.6874189364461738,0.5237154150197628,0.848452508004269,0.5777616279069767
71,488.png,0.5496031746031746,0.3789329685362517,0.9342327150084317,0.3893183415319747
72,2636.png,0.954730121880441,0.9133814547473625,0.9149054505005562,0.9981796116504854
73,452.png,0.7458460098291598,0.5947005038253406,0.6072789634146342,0.9663432383262583
74,1768.png,0.9104427171341669,0.8356079404466501,0.9566761363636364,0.8684719535783365
75,687.png,0.9634285714285715,0.9294377067254685,0.9592262469182629,0.9676678783240865
76,1929.png,0.8232848232848232,0.6996466431095406,0.9697493517718236,0.7152571185720357
77,1530.png,0.9596587879864937,0.9224461906388794,0.9332872450743174,0.9875640087783467
78,40.png,0.9550321199143468,0.9139344262295082,0.9429175475687104,0.9674620390455532
79,76.png,0.938812785388128,0.8846815834767642,0.9634489222118088,0.9154051647373108
80,2227.png,0.6068376068376069,0.43558282208588955,0.7365145228215768,0.5159883720930233
81,3260.png,0.9625133608184455,0.9277356685554493,0.957905934199529,0.9671653241273495
82,2286.png,0.9754812931347621,0.9521361460733913,0.9658334831864772,0.9853237937993029
83,3278.png,0.949635730123535,0.9041013268998793,0.9477744056651493,0.9515043798400407
84,2861.png,0.7425900592795258,0.5905711695376247,0.607790996034523,0.954222515198125
85,713.png,0.9284769804062989,0.866502131478573,0.9894952600563669,0.8745471014492754
86,363.png,0.8497067448680352,0.7386870618228171,0.9927194860813704,0.7427106696571611
87,3295.png,0.9727106645352821,0.9468711792819828,0.9670791236235668,0.9784081773285862
88,2074.png,0.9087301587301586,0.8327272727272728,0.950207468879668,0.870722433460076
89,38.png,0.9420142421159714,0.8903846153846153,0.9788583509513742,0.907843137254902
90,3654.png,0.6189196219543918,0.4481416373681567,0.6002354524049781,0.6388043672811885
91,2894.png,0.9638026536132939,0.9301342615614122,0.9444584700833123,0.983955812730142
92,2364.png,0.9205126249141811,0.8527312557416437,0.8995825257193977,0.9424398625429553
93,95.png,0.0,0.0,0.0,0.0
94,1779.png,0.9493161705551085,0.9035222052067381,0.9776304888152444,0.9225957779515246
95,2615.png,0.9453255425709516,0.8963197467352592,0.9196102314250914,0.9725203950193216
96,903.png,0.0,0.0,0.0,0.0
97,1857.png,0.8813278008298756,0.787833827893175,0.8232558139534883,0.9482142857142857
98,2622.png,0.9450357376946845,0.8957988165680474,0.9324915306436711,0.9579220450518856
99,170.png,0.9697085159077921,0.941198224852071,0.9549718574108818,0.9849071207430341
100,848.png,0.9471817410748709,0.8996631023875787,0.925976179707523,0.9693813131313131
101,3741.png,0.8334172681998769,0.7144090560245587,0.7332611264277274,0.9652624756966948
102,2968.png,0.22973143361492876,0.12977207977207977,0.24005270092226613,0.22026112185686653
103,44.png,0.9094269870609982,0.8338983050847457,0.9723320158102767,0.8541666666666666
104,2083.png,0.9303733602421796,0.869811320754717,0.948559670781893,0.9128712871287129
105,1365.png,0.9423828124999999,0.8910433979686058,0.9120982986767486,0.9747474747474747
106,2840.png,0.9421973179555532,0.8907117876980045,0.9130641079713201,0.973250913177859
107,1632.png,0.764512595837897,0.6187943262411347,0.9112271540469974,0.6584905660377358
108,207.png,0.9012106090010167,0.8201850294365013,0.9016272189349113,0.9007943838906337
109,2746.png,0.6952213520856639,0.5328270455658991,0.5537169042769857,0.9338772005152426
110,161.png,0.6210045662100456,0.4503311258278146,0.4503311258278146,1.0
111,2917.png,0.9528831433917333,0.910006497725796,0.9668622713151536,0.9393024815560027
112,3722.png,0.9330867518493612,0.8745666561613615,0.897767712714332,0.9712985649282464
113,3643.png,0.818240873067429,0.6923922603342129,0.7035299374441466,0.9776466935734244
114,1548.png,0.9614973262032086,0.925849639546859,0.9739978331527628,0.9493136219640972
115,3675.png,0.9401351786289025,0.8870331005162466,0.8948228326355561,0.9902813877274268
116,3738.png,0.9515859766277128,0.9076433121019108,0.9509056244041945,0.9522673031026253
117,104.png,0.9036668738346799,0.8242630385487528,0.8404624277456647,0.9771505376344086
118,3206.png,0.9227712937670722,0.8566159520516367,0.9638179224484502,0.8850780040490651
119,3365.png,0.7762719020477095,0.6343499861992824,0.6697996357012751,0.922991967871486
120,1905.png,0.8930041152263375,0.8066914498141264,0.8761776581426649,0.9104895104895104
121,119.png,0.9577525198370147,0.9189300411522634,0.9354838709677419,0.9811072056239016
122,1029.png,0.9392647842301546,0.8854846810647916,0.9308342133051742,0.9478494623655914
123,3305.png,0.7000251445813426,0.5384912959381044,0.5598230444399759,0.9339147936933915
124,1452.png,0.9617711771177119,0.9263576158940398,0.9762702400893356,0.9476964769647697
125,3053.png,0.8993123772102161,0.8170459616242749,0.9313326551373347,0.869420702754036
126,931.png,0.9405363389040031,0.8877476155539251,0.9132075471698113,0.969551282051282
127,2858.png,0.9384392630685506,0.8840184366475402,0.8875666997213959,0.9954981198029765
128,3762.png,0.68781774888989,0.5241785188818048,0.5619348054679285,0.8863824846574888
129,2814.png,0.47032069970845475,0.3074635968590379,0.3183863582537302,0.8996207896497881
130,1677.png,0.6891263940520447,0.5257001063452676,0.5496664195700519,0.9234122042341221
131,2205.png,0.9297082228116711,0.8686493184634448,0.8901587301587301,0.9729354614850798
132,3485.png,0.81503568286245,0.6878145367543932,0.7071246819338423,0.9618135671435164
133,1133.png,0.9094083057699376,0.8338668913226621,0.8899478511059162,0.9297388690588014
134,14.png,0.36244541484716153,0.22133333333333333,0.22133333333333333,1.0
135,2824.png,0.6471309465424228,0.47833967736088456,0.7786191974822974,0.5536363636363636
136,2709.png,0.663619744058501,0.49658002735978113,0.5023062730627307,0.9775583482944344
137,3792.png,0.9319248826291081,0.8725274725274725,0.8802660753880266,0.9900249376558603
138,1650.png,0.936343630287717,0.8803065134099617,0.9281982224616213,0.9446332638965026
139,1455.png,0.8526505795173854,0.7431481328144407,0.7759813245720214,0.9461311406282943
140,2054.png,0.9698879551820728,0.9415363698164514,0.9692092372288313,0.9705676243868255
141,3309.png,0.5378933286802768,0.36788925133264383,0.4291415313225058,0.7204736678092863
142,3846.png,0.9198606271777002,0.8516129032258064,0.946236559139785,0.8949152542372881
143,620.png,0.8712132517534696,0.7718138551031201,0.8590347263095939,0.8837420526793823
144,3023.png,0.3597122302158274,0.21929824561403508,0.3601833660772757,0.35924232527759636
145,839.png,0.8949438202247191,0.809862735129639,0.8399683627735302,0.957619477006312
146,1978.png,0.9006622516556291,0.8192771084337349,0.912751677852349,0.8888888888888888
147,3975.png,0.3545802856147684,0.21549534292972058,0.8385502471169687,0.2248233215547703
148,2652.png,0.8376001050282263,0.7205782697086063,0.7277455856184697,0.9865165759524988
149,667.png,0.9801801801801802,0.9611307420494699,0.991494532199271,0.9691211401425178
150,3282.png,0.9463019250253293,0.8980769230769231,0.9458227848101266,0.9467815509376584
151,2531.png,0.9409983038526775,0.8885711017046105,0.9093782929399368,0.9748964478473704
152,405.png,0.8790157211209843,0.7841463414634147,0.8212005108556832,0.9455882352941176
153,2579.png,0.9163709038282624,0.8456499618417705,0.9010639018770753,0.9322069545709478
154,2156.png,0.9728270186867821,0.9470917132604523,0.9613722998729352,0.9845579942743125
155,196.png,0.9193548387096774,0.8507462686567164,0.8507462686567164,1.0
156,3794.png,0.98479427549195,0.9700440528634361,0.9886853448275862,0.9809337134711333
157,3340.png,0.9372093023255814,0.8818380743982495,0.9035874439461884,0.9734299516908212
158,3603.png,0.9556780595369351,0.9151182432432432,0.9746626686656672,0.9374188896899783
159,2885.png,0.916800414185866,0.8463817990631871,0.9205656061551258,0.9130658966690729
160,3437.png,0.0,0.0,0.0,0.0
161,926.png,0.6091358876999194,0.43795499669093313,0.9470483005366727,0.4489484396200814
162,2825.png,0.9438826855801025,0.8937290135220982,0.9674820709303468,0.9214071856287425
163,3069.png,0.7832063904885751,0.6436641221374045,0.9772832637923041,0.6534407935523868
164,2901.png,0.918592,0.8494407291235131,0.8975112556278139,0.9406868527985319
165,2714.png,0.9095780308104486,0.8341523341523341,0.8382716049382716,0.9941434846266471
166,3946.png,0.29213483146067415,0.17105263157894737,0.5652173913043478,0.19696969696969696
167,1125.png,0.9225874867444327,0.8562992125984252,0.8877551020408163,0.9602649006622517
168,2690.png,0.9617486338797814,0.9263157894736842,0.9652042360060514,0.9583176868193767
169,562.png,0.0,0.0,0.0,0.0
170,3389.png,0.9291420271812428,0.8676613059484596,0.888844779674474,0.9732666811562704
171,3363.png,0.023921832884097036,0.012105711849957373,0.020600609313796606,0.02851978308897369
172,1052.png,0.9644760213143873,0.9313893653516295,0.9394463667820069,0.9908759124087592
173,736.png,0.9607068997931942,0.9243849493487699,0.9321415541773076,0.9910783553141971
174,1382.png,0.9417052574230453,0.8898326898326898,0.9707947205841055,0.91430838402539
175,1627.png,0.7766323024054983,0.6348314606741573,0.8670076726342711,0.7033195020746889
176,730.png,0.973308504034761,0.9480048367593712,0.9830721003134796,0.9637369391518131
177,3446.png,0.912534435261708,0.8391386953768207,0.8691374221056084,0.9604929322218195
178,1190.png,0.9763991908293999,0.9538866930171278,0.9905595840744288,0.9626379470815051
179,2440.png,0.046591466405100534,0.023851368315340196,0.023851368315340196,1.0
180,2619.png,0.9424393855265594,0.8911445572278613,0.9414519906323185,0.9434288537549407
181,470.png,0.959349593495935,0.921875,0.9470304975922953,0.9719934102141681
182,2188.png,0.9213836477987422,0.8542274052478134,0.8932926829268293,0.9512987012987013
183,3784.png,0.5447098976109215,0.37429643527204504,0.9322429906542056,0.38476374156219867
184,21.png,0.9130330040953988,0.8399822695035462,0.9688139059304703,0.8633257403189066
185,2673.png,0.9152542372881357,0.84375,0.8762677484787018,0.9578713968957872
186,577.png,0.9757888159950017,0.9527222815311881,0.9689778191406856,0.9826962403649521
187,3392.png,0.9356425058798374,0.8790678987545198,0.9435101336783096,0.9279050042408821
188,99.png,0.0,0.0,0.0,0.0
189,516.png,0.8725594604188853,0.7739294710327456,0.9943365695792881,0.7773561037318153
190,396.png,0.8115079365079366,0.6828046744574291,0.7857829010566763,0.838974358974359
191,3896.png,0.33921901528013587,0.20425270905745246,0.9550669216061185,0.20623451692815856
192,810.png,0.8251851851851851,0.7023959646910467,0.9086460032626428,0.7557666214382632
193,2846.png,0.968998306630194,0.9398610233733418,0.9739885654431982,0.9640589226316472
194,980.png,0.9509433962264152,0.9064748201438849,0.9701636188642926,0.9324699352451434
195,1258.png,0.9309153713298791,0.8707592891760905,0.9261168384879725,0.9357638888888888
196,2405.png,0.9599203385611151,0.922929631402585,0.9762025316455696,0.9441723800195886
197,3566.png,0.9269695227142035,0.8638799571275455,0.9204415683288922,0.9335907335907336
198,567.png,0.9386554621848741,0.8844022169437846,0.9096091205211726,0.9696180555555556
199,3138.png,0.9459308807134894,0.8974087784241143,0.975848188614146,0.9177934018388318
200,3326.png,0.9290067032297379,0.867425320056899,0.8936107854630715,0.9673223350253807
201,1137.png,0.9517699115044248,0.9079780498100465,0.953880266075388,0.9496688741721855
202,3576.png,0.8663844667341493,0.764266580079552,0.7899152613474285,0.9592460519612838
203,891.png,0.8894566178638106,0.8009201911166165,0.9427202666111227,0.8418898809523809
204,136.png,0.8743922204213938,0.7768178545716342,0.9963065558633426,0.7790613718411552
205,248.png,0.9473222124670764,0.8999165971643036,0.9167374681393373,0.9800181653042689
206,301.png,0.9376693766937669,0.8826530612244898,0.9807256235827665,0.8982346832814122
207,1516.png,0.579047619047619,0.4075067024128686,0.41503885738290275,0.9573643410852714
208,1960.png,0.9638337468982631,0.9301921810453212,0.9682786987411193,0.9594294183030753
209,77.png,0.9598488427019368,0.9227974568574023,0.9530956848030019,0.966698382492864
210,608.png,0.9470284237726099,0.8993865030674847,0.9220125786163522,0.9734395750332006
211,2491.png,0.9558912386706949,0.9155092592592593,0.9679393049437103,0.9441394127476724
212,3247.png,0.9600908316775476,0.923244895730975,0.9647461494580719,0.9554802259887005
213,3380.png,0.9164086687306501,0.8457142857142858,0.9073205914172376,0.9256806475349522
214,85.png,0.4408271908271908,0.28273145108338804,0.28273145108338804,1.0
215,2376.png,0.9284507388405887,0.8664564220183486,0.8886732533521524,0.9719560043738342
216,147.png,0.9597791209611223,0.9226685796269728,0.9958191390523382,0.9262566613855682
217,1962.png,0.9762204328132863,0.9535455327516283,0.967818385929899,0.9847696408173626
218,1310.png,0.9679978841576302,0.9379805228088159,0.9586170770036668,0.9775641025641025
219,3935.png,0.7625178826895566,0.6161849710982659,0.9925512104283054,0.6190476190476191
220,2729.png,0.8832836505388673,0.790965092402464,0.837391304347826,0.9344978165938864
221,2209.png,0.9850785113212457,0.9705957774168732,0.9891114982578397,0.981078278900985
222,3045.png,0.8465508162190626,0.7339298758217677,0.8754084077543018,0.8195350734094616
223,2424.png,0.0,0.0,0.0,0.0
224,3268.png,0.7408585055643879,0.5883838383838383,0.9957264957264957,0.589873417721519
225,549.png,0.9071960297766751,0.8301544050862852,0.9907859078590786,0.8366132723112129
226,2683.png,0.968025510643799,0.9380324035410055,0.9649484536082474,0.9711222548850078
227,350.png,0.959681793527391,0.9224887035106013,0.9266759776536313,0.9951256092988376
228,2294.png,0.9583333333333335,0.92,0.9676375404530745,0.9492063492063492
229,3369.png,0.4562958435207824,0.29558503266679864,0.9777341191879503,0.29758820011959336
230,349.png,0.959681793527391,0.9224887035106013,0.9266759776536313,0.9951256092988376
231,88.png,0.0,0.0,0.0,0.0
232,415.png,0.9625973456180761,0.9278917318672024,0.9796829649475329,0.9460974557999138
233,3290.png,0.8559149513684686,0.7481217872676947,0.9952656496580747,0.7507936507936508
234,1140.png,0.9439312567132117,0.8938161106590724,0.9734160389898094,0.9161801501251042
235,171.png,0.9510328997704667,0.9066374908825675,0.9328330206378986,0.9699570815450643
236,2999.png,0.8938229870928088,0.8080288929017919,0.853934233705226,0.9376208897485493
237,1433.png,0.9612483745123537,0.9253880821231848,0.9672860507720492,0.9552856035151202
238,3891.png,0.832,0.7123287671232876,0.737281067556297,0.9546436285097192
239,3742.png,0.8361657225369321,0.7184577209391105,0.7412367073651044,0.9589808917197452
240,3652.png,0.8127505622372151,0.6845659693625432,0.6995455310553779,0.9696686887540831
241,2386.png,0.7057830308146897,0.5453359425962165,0.5558510638297872,0.9664739884393063
242,3137.png,0.9647127442403033,0.931830985915493,0.9533141210374639,0.9763872491145218
243,719.png,0.9522869364922671,0.9089195979899497,0.9112090680100756,0.9972432804962095
244,1552.png,0.9407918634217217,0.8882030178326474,0.9515062454077884,0.930316091954023
245,3176.png,0.9494293093393318,0.9037272006344171,0.9600134786027182,0.9390759764873922
246,1668.png,0.938617361158317,0.884334571538363,0.9869907076483202,0.8947641264904095
247,2586.png,0.937940643723004,0.8831339210747271,0.9279333921482135,0.9481660938644431
248,252.png,0.9237933954276036,0.8583792289535799,0.9168067226890756,0.9308873720136519
249,1418.png,0.9485144618613498,0.9020708582834331,0.9185721544715447,0.9804745762711864
250,1858.png,0.8418708240534523,0.7269230769230769,0.8790697674418605,0.8076923076923077
251,3342.png,0.9505882352941176,0.905829596412556,0.9160997732426304,0.9877750611246944
252,2617.png,0.9678850302312156,0.9377686193700324,0.9816344139036115,0.954515491100857
253,2609.png,0.9453881568502938,0.8964323347884992,0.9465903671912256,0.9441889963532583
254,3257.png,0.9176592439150699,0.8478468899521531,0.8752057951926243,0.9644412191582002
255,3929.png,0.9413105413105414,0.8891280947255114,0.9604651162790697,0.9229050279329609
256,2624.png,0.9774121808097318,0.9558222408552562,0.9641592218639319,0.9910345577048467
257,1843.png,0.6741472172351886,0.5084631008801624,0.5226165622825331,0.9494310998735778
258,3695.png,0.9731749632990792,0.9477514946711724,0.9689077863406856,0.9774798927613941
259,801.png,0.4982290436835891,0.33176100628930816,0.7757352941176471,0.36695652173913046
260,2555.png,0.9060246190553658,0.8281947060573015,0.8574361079749564,0.9604506783168545
261,854.png,0.9658437605681434,0.933943754087639,0.9539078156312625,0.9780821917808219
262,1166.png,0.9470588235294118,0.8994413407821229,0.9130434782608695,0.9837067209775967
263,1796.png,0.9622691643417032,0.927282038151325,0.966635526491392,0.9579420711546092
264,2065.png,0.0,0.0,0.0,0.0
265,1075.png,0.9226130653266332,0.8563432835820896,0.9161676646706587,0.9291497975708503
266,1278.png,0.9120567375886525,0.8383311603650587,0.9462840323767476,0.8802190280629706
267,3814.png,0.8975409836065575,0.8141263940520446,0.8975409836065574,0.8975409836065574
268,3915.png,0.9558107845045747,0.9153616703952274,0.9537684537684538,0.9578618806086617
269,908.png,0.9446647780925401,0.8951324266284896,0.9788649706457926,0.9127737226277373
270,3653.png,0.746825521241574,0.5959469602201651,0.8016153457849571,0.699046221570066
271,395.png,0.9036527936871579,0.8242396099373114,0.8527504203699255,0.961017866811045
272,3885.png,0.7047619047619048,0.5441176470588235,0.5441176470588235,1.0
273,525.png,0.9390464695232347,0.8850967007963595,0.9843947701391818,0.8976923076923077
274,2961.png,0.5687034277198212,0.3973344439816743,0.4462809917355372,0.7836801752464403
275,2517.png,0.9021355305195898,0.8217184867514168,0.9777656278476399,0.8373653816138599
276,2841.png,0.8852577505872635,0.7941367173027047,0.9039962041332771,0.867280360123413
277,2273.png,0.7601010101010102,0.6130346232179226,0.9709677419354839,0.6244813278008299
278,1591.png,0.9613763440860216,0.9256253105847275,0.9375838926174497,0.9864077669902913
279,2731.png,0.5439093484419263,0.3735408560311284,0.6906474820143885,0.4485981308411215
280,2753.png,0.88360366417346,0.791478470340259,0.8005786948907333,0.985841537740272
281,2319.png,0.5072463768115942,0.33980582524271846,0.8718861209964412,0.35766423357664234
282,1497.png,0.9656006449879065,0.9334892179786958,0.9713436063801028,0.9599251936948971
283,1099.png,0.955137481910275,0.9141274238227147,0.9269662921348315,0.9850746268656716
284,2944.png,0.6629415286369985,0.49582089552238806,0.9286246738725308,0.5154649839660701
285,1303.png,0.9808522114347358,0.9624239216724001,0.9759828257077687,0.9857704295975065
286,2174.png,0.9773499433748585,0.955703211517165,0.9773499433748585,0.9773499433748585
287,2726.png,0.929090132422042,0.8675708017550857,0.9485390318360227,0.9104227710339055
288,375.png,0.9704722684657846,0.9426382978723404,0.9741424802110817,0.9668296089385475
289,479.png,0.9499389499389499,0.9046511627906977,0.9773869346733668,0.9239904988123515
290,2782.png,0.911534795042898,0.837449640917849,0.8466442358774571,0.9871980177575883
291,3075.png,0.8419527078565981,0.7270451850876037,0.847902903671839,0.8360854415997576
292,2265.png,0.5954825462012321,0.4239766081871345,0.7279116465863453,0.5038220986796387
293,2812.png,0.0,0.0,0.0,0.0
294,237.png,0.9332606919095613,0.8748723186925434,0.9011046817464492,0.9677966101694915
295,1828.png,0.0,0.0,0.0,0.0
296,329.png,0.9018302828618969,0.8212121212121212,0.9230245231607629,0.8815875081327261
297,1032.png,0.9524820812317494,0.9092752154080082,0.9417322834645669,0.9634801288936627
298,504.png,0.51335656213705,0.3453125,0.6038251366120219,0.44646464646464645
299,1508.png,0.9149855907780979,0.8432934926958832,0.853781512605042,0.9856422196352348
300,2633.png,0.8332132564841497,0.7141092929916641,0.7408712363869314,0.9518518518518518
301,1656.png,0.9009956791283111,0.8198290598290598,0.8747036293999635,0.9289172961456518
302,1726.png,0.9563314955806423,0.9163172899547207,0.9522481700941094,0.9604499912111092
303,3169.png,0.9560058415480103,0.915719531386606,0.9432636887608069,0.9690969652109549
304,331.png,0.9590100541376643,0.9212481426448736,0.9575289575289575,0.9604957397366383
305,3044.png,0.9556197198160624,0.915011263567479,0.9732084513177957,0.938655462184874
306,2486.png,0.9746203562608377,0.9504970790201906,0.9840831918505942,0.9653377745393984
307,1471.png,0.8872053872053872,0.7972768532526475,0.808282208588957,0.9832089552238806
308,3638.png,0.7583262169086251,0.6107290233837689,0.6295321045169131,0.9533742331288344
309,806.png,0.9398305084745762,0.8864908073541167,0.9001623376623377,0.9831560283687943
310,394.png,0.8960756742937492,0.8117183881426586,0.8427506612166387,0.9566048034934498
311,3540.png,0.9333333333333332,0.875,0.8838383838383839,0.9887005649717514
312,3286.png,0.7475133894414691,0.5968234575442883,0.6189140271493213,0.9435706401766004
313,2849.png,0.9525862068965517,0.9094650205761317,0.9408340573414422,0.9646356672011402
314,3694.png,0.9642105263157895,0.9308943089430894,0.9703389830508474,0.9581589958158996
315,1931.png,0.8374093646306993,0.7202959830866807,0.980431654676259,0.7308022308022308
316,1596.png,0.9571552471812662,0.917831004657352,0.9272391194757184,0.9890661408854633
317,3671.png,0.9262250942380184,0.8625877632898696,0.9217577706323687,0.9307359307359307
318,3415.png,0.9063583815028902,0.828752642706131,0.8752170677251302,0.9397975492807672
319,3594.png,0.9057683839718186,0.8277665995975855,0.9422812643151626,0.8719796523950827
320,3471.png,0.6247139588100686,0.454242928452579,0.8504672897196262,0.4936708860759494
321,1332.png,0.970551317949213,0.942787469517914,0.9808743169398907,0.960443340340149
322,3807.png,0.9180035650623887,0.8484349258649094,0.8743633276740238,0.9662288930581614
323,2669.png,0.9545753785385123,0.9130982367758187,0.9212198221092758,0.9904371584699454
324,261.png,0.9565901934322988,0.9167924121577926,0.9750114626318203,0.9388520971302429
325,1680.png,0.9346486941104266,0.8773150123751814,0.9533945464663328,0.9166257969592938
326,2623.png,0.9774121808097318,0.9558222408552562,0.9641592218639319,0.9910345577048467
327,492.png,0.13500962736436745,0.07239159480140897,1.0,0.07239159480140897
328,681.png,0.0,0.0,0.0,0.0
329,2372.png,0.9332517963614126,0.8748566842467324,0.8976530792306335,0.9717906265919511
330,661.png,0.9448867115737906,0.8955310504933256,0.9501231527093597,0.9397076735688186
331,975.png,0.4661609693626244,0.30391779062299296,0.32011906372615345,0.8572463768115942
332,2032.png,0.9522388059701492,0.9088319088319088,0.9410029498525073,0.9637462235649547
333,1860.png,0.9473684210526316,0.9,0.9703125,0.9254843517138599
334,1014.png,0.9041574687270051,0.8250797381232163,0.8318758815232722,0.9901954200523806
335,2186.png,0.955153422501967,0.9141566265060241,0.9253048780487805,0.9869918699186991
336,1664.png,0.9704890387858347,0.9426699426699426,0.9868533866819091,0.9546585568150401
337,380.png,0.28237810856582585,0.16440062272963155,0.19246658566221142,0.5299431247909
338,1407.png,0.8298068077276909,0.7091194968553459,0.8010657193605684,0.8606870229007634
339,3167.png,0.9663055424713456,0.9348077039917371,0.954940417080437,0.9779444479755927
340,1819.png,0.0,0.0,0.0,0.0
341,302.png,0.9376693766937669,0.8826530612244898,0.9807256235827665,0.8982346832814122
342,1888.png,0.97961277086806,0.9600402111083187,0.9757343550446999,0.9835221421215242
343,2026.png,0.9323384771917923,0.8732528589580686,0.9090608465608465,0.9568395405499478
344,1512.png,0.0,0.0,0.0,0.0
345,460.png,0.9444708115804462,0.8947841726618705,0.965082444228904,0.9247211895910781
346,1959.png,0.9579811268558079,0.9193510324483776,0.9711454568116664,0.9451689209680354
347,1710.png,0.9238607098869108,0.8584954739361149,0.8781863658134214,0.974546743046123
348,2867.png,0.8764705882352941,0.7801047120418848,0.8020334928229665,0.9661383285302594
349,1519.png,0.9547948784949046,0.9135,0.9461418953909891,0.9636075949367089
350,2990.png,0.9751048951048952,0.9514192139737991,0.9698599647593434,0.9804068622855536
351,1069.png,0.5285285285285285,0.35918367346938773,1.0,0.35918367346938773
352,1228.png,0.1570113697888468,0.08519388954171563,0.7754010695187166,0.08734939759036145
353,2525.png,0.8969414893617021,0.8131404460518384,0.954031117397454,0.8462986198243413
354,1011.png,0.8007727923786682,0.6677406810732737,0.677870516580194,0.9781105053299699
355,1401.png,0.6556213017751479,0.4876760563380282,0.9310924369747899,0.5059360730593607
356,637.png,0.9672969966629588,0.9366652305040931,0.9535087719298245,0.981489841986456
357,2266.png,0.5946625932249079,0.4231457800511509,0.8305722891566265,0.46312106368089573
358,2400.png,0.9052596089008768,0.8269171542962734,0.8467360454115421,0.9724737413980442
359,3201.png,0.8975834292289987,0.81419624217119,0.9512195121951219,0.8496732026143791
360,3595.png,0.9577689992475545,0.9189603826369461,0.9405190726886488,0.9756635048385551
361,2742.png,0.9577981651376146,0.9190140845070423,0.9666666666666667,0.9490909090909091
362,777.png,0.9708402106421441,0.9433328241942874,0.9761340287656077,0.965603502188868
363,2411.png,0.9380173632142137,0.8832699619771863,0.938680674815638,0.9373549883990719
364,1380.png,0.9519846350832266,0.9083689676237019,0.9477374123645634,0.9562700964630225
365,1942.png,0.9009433962264151,0.8197424892703863,0.8286334056399133,0.9870801033591732
366,2897.png,0.9649415692821368,0.932258064516129,0.9504174045029092,0.9799165362545644
367,604.png,0.0,0.0,0.0,0.0
368,3048.png,0.9301696326360704,0.869455252918288,0.9730023949488352,0.8909489633173844
369,3117.png,0.8053650908216048,0.6741516463598832,0.6877953564824327,0.9714161346488682
370,3406.png,0.9298995992976454,0.8689835072366207,0.8739844278943805,0.9934583934583935
371,1716.png,0.9569051030530145,0.9173710904480136,0.9717931497649429,0.9424663482414243
372,3707.png,0.8453441295546558,0.7321178120617111,0.7903103709311128,0.9086161879895561
373,1743.png,0.002466091245376079,0.0012345679012345679,0.0018281535648994515,0.003787878787878788
374,2815.png,0.8313794350049062,0.7114194802899063,0.7534400449311991,0.9273041474654378
375,2930.png,0.9785031475868501,0.9579110745914361,0.9738258771115649,0.9832255646143754
376,1989.png,0.9498151082937136,0.9044265593561368,0.9803707742639041,0.9211065573770492
377,3193.png,0.9155962445700406,0.8443314955203308,0.8832116788321168,0.9504460822342902
378,3130.png,0.8789711836151465,0.784075458871516,0.9145604123302606,0.8460480469466349
379,3323.png,0.9427664251404381,0.8917295549052826,0.9155597722960152,0.9716395368350395
380,3973.png,0.904035874439462,0.8248772504091653,0.8303130148270181,0.9921259842519685
381,1696.png,0.18096202531645572,0.09948226910872349,0.09965980703809046,0.9824079164376031
382,852.png,0.7287711825168997,0.5732808857808858,0.5944108761329305,0.9416128260349366
383,208.png,0.9271700641209685,0.864228367528992,0.8957100591715976,0.960920452291212
384,3133.png,0.9551900170164492,0.9142236699239956,0.9600912200684151,0.9503386004514672
385,382.png,0.0,0.0,0.0,0.0
386,3148.png,0.7194901645925331,0.5618778901167804,0.634649433427762,0.8305143651529193
387,1084.png,0.9758929449965561,0.9529208301306688,0.9802332476774066,0.9715909090909091
388,1402.png,0.9484536082474228,0.9019607843137255,0.9277310924369748,0.9701230228471002
389,1660.png,0.6566182515757741,0.48878008975928194,0.5186147186147186,0.8946975354742345
390,3904.png,0.8038377066235117,0.6720139157325087,0.855350553505535,0.758177060619276
391,397.png,0.04560930172801439,0.023336839337365238,0.023336839337365238,1.0
392,1254.png,0.5813040062843677,0.4097452934662237,0.41202672605790647,0.9866666666666667
393,3978.png,0.8858695652173914,0.7951219512195122,0.806930693069307,0.9819277108433735
394,402.png,0.0,0.0,0.0,0.0
395,1793.png,0.8762959058162011,0.77982799061767,0.7887078918235015,0.9857679383277328
396,942.png,0.0,0.0,0.0,0.0
397,1419.png,0.9448447530459846,0.8954556741991557,0.9161585365853658,0.975385447660265
398,2811.png,0.07461092462618248,0.03875108962675331,0.03921096944912196,0.7676609105180534
399,351.png,0.9453541858325667,0.8963712491277042,0.8969972067039106,0.999222092570984
400,2230.png,0.5888324873096447,0.4172661870503597,0.7219917012448133,0.49714285714285716
401,3779.png,0.9773257045984319,0.9556568586821385,0.9750528541226215,0.9796091758708582
402,3759.png,0.8509806112756327,0.7406146664073138,0.8356194447492593,0.8669171220400729
403,2550.png,0.9701778953373787,0.9420829975825947,0.9561439378450215,0.9846299610485314
404,2459.png,0.9298349056603773,0.8688705234159779,0.9238429994141769,0.9359050445103858
405,2145.png,0.5825242718446602,0.410958904109589,0.5369127516778524,0.636604774535809
406,3752.png,0.9604573606479276,0.923923006416132,0.9431137724550899,0.9784507862550961
407,3890.png,0.9660152931180969,0.934264585045193,0.9482902418682235,0.9844155844155844
408,2302.png,0.8107511045655376,0.6817337461300309,0.8741564112743152,0.7559217301750772
409,2282.png,0.9750747756729811,0.9513618677042801,0.9672720733680993,0.9830043859649122
410,1118.png,0.8873846153846154,0.797566371681416,0.8092031425364759,0.9822888283378747
411,1810.png,0.8848680281858353,0.7935096926207561,0.8016663059943735,0.9873400852878464
412,157.png,0.9007092198581561,0.8193548387096774,0.8273615635179153,0.9883268482490273
413,515.png,0.917981072555205,0.8483965014577259,0.9402261712439418,0.8967642526964561
414,1844.png,0.6741472172351886,0.5084631008801624,0.5226165622825331,0.9494310998735778
415,658.png,0.9566395663956639,0.9168831168831169,0.9438502673796791,0.9697802197802198
416,1820.png,0.0,0.0,0.0,0.0
417,2509.png,0.9654768870684611,0.9332579185520362,0.9907359752959342,0.9414737528529508
418,837.png,0.0,0.0,0.0,0.0
419,1805.png,0.9711876317638791,0.9439890710382514,0.9728968673002464,0.9694843914415995
420,2936.png,0.9101123595505618,0.8350515463917526,0.8466898954703833,0.9838056680161943
421,3152.png,0.9583958824790907,0.9201152975087502,0.9625242300236916,0.9543027973521248
422,1864.png,0.9378663540445487,0.8830022075055187,0.9302325581395349,0.9456264775413712
423,3084.png,0.9401609704887437,0.887079022672243,0.9072489869428185,0.9755507141128056
424,3154.png,0.6689181039681582,0.502537151141718,0.5972431617488693,0.7601425438596491
425,3050.png,0.8750697155605132,0.7778879524045612,0.7956389452332657,0.9721189591078067
426,2189.png,0.9186676994577847,0.8495702005730659,0.9081163859111792,0.9294670846394985
427,1312.png,0.7970085470085471,0.6625222024866785,0.9769512833944474,0.673042223024179
428,2576.png,0.9131726855740034,0.840218748142424,0.9580452758573946,0.8723154776598371
429,400.png,0.0,0.0,0.0,0.0
430,3424.png,0.5355818347211532,0.365730122324159,0.8789618741387231,0.38512629566267487
431,3500.png,0.9376606683804627,0.882637628554144,0.9164572864321608,0.9598684210526316
432,552.png,0.9026808666911494,0.822623828647925,0.9967558799675588,0.8248322147651007
433,3223.png,0.9468649334591481,0.8990916393746524,0.9338896020539152,0.9602058998218175
434,2479.png,0.9263439831643391,0.8627940128296507,0.9057239057239057,0.9479248238057948
435,2275.png,0.9674479166666666,0.9369482976040353,0.9477040816326531,0.988031914893617
436,955.png,0.9576547231270358,0.91875,0.939297124600639,0.9767441860465116
437,847.png,0.9471817410748709,0.8996631023875787,0.925976179707523,0.9693813131313131
438,160.png,0.0,0.0,0.0,0.0
439,1126.png,0.9256900212314225,0.8616600790513834,0.889795918367347,0.9646017699115044
440,3360.png,0.9427696275995486,0.8917352851479109,0.9733688415446072,0.9140356361362926
441,3293.png,0.8523321956769055,0.7426645519429025,0.9852709100473435,0.7510024057738572
442,950.png,0.923536036036036,0.8579349304320536,0.9674413117848295,0.883442852526123
443,2248.png,0.7205555953318536,0.5631785114717404,0.9318518518518518,0.5873701412396405
444,2371.png,0.9332517963614126,0.8748566842467324,0.8976530792306335,0.9717906265919511
445,573.png,0.9777433713953938,0.9564558879212419,0.9863334634908238,0.9693016116653875
446,1976.png,0.9534619750283769,0.911062906724512,0.9395973154362416,0.967741935483871
447,2711.png,0.8457754515760891,0.732765086941698,0.8281442663378545,0.8641737032569361
448,3475.png,0.7582715749402665,0.6106581436305525,0.9272979397781299,0.641364663972049
449,1626.png,0.9634608509116911,0.9294977924944813,0.9629788450543167,0.9639433395335527
450,1364.png,0.948768472906404,0.9025304592314901,0.9102079395085066,0.9907407407407407
451,2733.png,0.6418439716312057,0.4725848563968668,0.6510791366906474,0.6328671328671329
452,1817.png,0.7858418574443904,0.6472318801818668,0.6740947075208914,0.9420007785130401
453,1412.png,0.958406561218512,0.9201349831271091,0.9578454332552693,0.958968347010551
454,3291.png,0.8684759916492694,0.7675276752767528,0.9847448711204629,0.7767634854771784
455,93.png,0.0,0.0,0.0,0.0
456,747.png,0.9690109482278716,0.9398848092152627,0.961694290976059,0.9764397905759162
457,3022.png,0.6905649128036966,0.5273762094479226,0.758513425016372,0.6337893296853625
458,3828.png,0.5948051948051948,0.4232902033271719,0.8609022556390977,0.45436507936507936
459,55.png,0.9252042740414834,0.8608187134502924,0.8953771289537713,0.9570871261378413
460,811.png,0.9672893745846562,0.9366509366509367,0.9901738473167044,0.9454387990762124
461,3560.png,0.9172932330827067,0.8472222222222222,0.9020783373301359,0.9330301777594047
462,2353.png,0.06699846860643185,0.034660328777975834,0.20891364902506965,0.03989664868151075
463,973.png,0.9621304999318894,0.9270245439033994,0.9556217020700852,0.9687285694692086
464,2446.png,0.9062612235125105,0.8285901926444834,0.9785418821096173,0.8439241917502787
465,2015.png,0.1409090909090909,0.07579462102689487,0.8794326241134752,0.0765904879555281
466,3877.png,0.8861985472154965,0.7956521739130434,0.9941496030087756,0.7993951612903226
467,3914.png,0.9782906317230589,0.9575038284839203,0.9716394716394716,0.9850334777471446
468,3789.png,0.9491525423728814,0.9032258064516129,0.9459459459459459,0.9523809523809523
469,3612.png,0.9466231607461675,0.898655756867329,0.9295127554104703,0.9643753135975915
470,961.png,0.9557397779963468,0.9152314316469322,0.9384657836644592,0.97366160893215
471,2184.png,0.919431279620853,0.8508771929824561,0.9765100671140939,0.8686567164179104
472,3020.png,0.4539808917197452,0.29364507158306724,0.46676489849377867,0.44187848729076257
473,3766.png,0.0,0.0,0.0,0.0
474,2850.png,0.9580363176596256,0.9194526967655551,0.9587678345477552,0.9573059161801865
475,3388.png,0.8477174275241586,0.7356853672643147,0.7581959070137095,0.9612090680100756
476,2667.png,0.9282422646477947,0.8660933660933661,0.8779576587795765,0.9846368715083799
477,2562.png,0.956197576887232,0.9160714285714285,0.9808795411089866,0.9327272727272727
478,1786.png,0.5629373807143505,0.391727801669618,0.95,0.39997417021826165
479,3273.png,0.6265424326366155,0.4561789512284562,0.5165576663552373,0.7960326347784354
480,1484.png,0.9646954986760812,0.9317988064791134,0.9621478873239436,0.9672566371681416
481,1504.png,0.6806109543729935,0.5158531190089958,0.5168439716312057,0.9962973511819995
482,2938.png,0.9039548022598869,0.8247422680412371,0.8362369337979094,0.9836065573770492
483,82.png,0.9027345102111458,0.8227129337539432,0.8506196999347684,0.9616519174041298
484,186.png,0.9559129612109744,0.9155491119971004,0.937291280148423,0.9752895752895753
485,3518.png,0.9129080319653258,0.8397707450784949,0.9751157407407407,0.8581614463967405
486,2359.png,0.9406003992617423,0.8878617649150252,0.932486930545183,0.94885629607113
487,1830.png,0.0,0.0,0.0,0.0
488,560.png,0.020066889632107024,0.010135135135135136,0.010135135135135136,1.0
489,502.png,0.5534308211473565,0.38258164852255055,0.673972602739726,0.46946564885496184
490,2677.png,0.9448424485992195,0.8954515345550894,0.981604744039695,0.9107343364024253
491,2027.png,0.9673462622244323,0.9367576243980739,0.9659053293611387,0.9687915006640107
492,3480.png,0.7661635774050203,0.6209604153147307,0.9486467730742539,0.64255976363148
493,3583.png,0.9224533909754121,0.8560682046138415,0.9055702917771883,0.9399779735682819
494,2552.png,0.9057177296787379,0.8276819923371648,0.8869841921576679,0.9252596637755648
495,992.png,0.0,0.0,0.0,0.0
496,2373.png,0.6847621607094866,0.5206375153248877,0.5245573789777072,0.9858500994914879
497,2927.png,0.7824786963671699,0.6426817288801572,0.649379652605459,0.9842045881910493
498,1618.png,0.8621733427504793,0.7577369867872661,0.7885751199704688,0.9509236590251502
499,3469.png,0.9025641025641025,0.822429906542056,0.822429906542056,1.0
500,3621.png,0.8979479662880177,0.8147963424771405,0.8344968499914864,0.9718421574459647
501,2207.png,0.9540380827314511,0.9121155053358443,0.9161412358133669,0.9952054794520548
502,1325.png,0.9365976145637162,0.8807556080283353,0.8838862559241706,0.9959946595460614
503,1507.png,0.9149855907780979,0.8432934926958832,0.853781512605042,0.9856422196352348
504,3615.png,0.9494263423588802,0.9037218242180675,0.9230769230769231,0.9773242630385488
505,3923.png,0.8157051282051281,0.6887686062246279,0.7118881118881119,0.9549718574108818
506,966.png,0.949579831932773,0.904,0.9377593360995851,0.9617021276595744
507,1294.png,0.8993659235017386,0.8171343616428173,0.9819115676641358,0.829622641509434
508,1330.png,0.9746798883219409,0.9506103286384977,0.9836766420520793,0.9658462125548559
509,1206.png,0.0,0.0,0.0,0.0
510,3240.png,0.9092261904761904,0.8335607094133697,0.8709907341411262,0.9509727626459143
511,1247.png,0.9509157509157509,0.9064245810055865,0.9284692417739628,0.9744744744744744
512,915.png,0.0,0.0,0.0,0.0
513,3452.png,0.9464063149148317,0.8982649842271293,0.9555369127516778,0.9374485596707819
514,1193.png,0.9819297647459939,0.9645010046885466,0.9846827133479212,0.9791921664626683
515,3966.png,0.001519756838905775,0.0007604562737642585,0.0008766803039158387,0.005703422053231939
516,3754.png,0.4170960017415282,0.2635005042633171,0.2688997005988024,0.9291949563530553
517,1115.png,0.9771669575334496,0.9553533342812456,0.9775934817401426,0.9767408053496147
518,2986.png,0.9046888151705698,0.8259651026127837,0.8631081719414265,0.9504785684560966
519,2747.png,0.9413905133203379,0.889270807758409,0.9160343955488113,0.9681903234429297
520,2033.png,0.915873015873016,0.8448023426061494,0.8472834067547724,0.9965457685664939
521,3843.png,0.27678113787801123,0.16061867935752527,0.9608540925266904,0.16167664670658682
522,807.png,0.9081675835801947,0.8317829457364341,0.8709415584415584,0.9487179487179487
523,3611.png,0.7785335413416536,0.6373761111678757,0.7507521964135275,0.8084499740798341
524,2957.png,0.5365030449776212,0.3665897924395869,0.8014028934677773,0.4032204698356678
525,2580.png,0.9164525268498385,0.8457889936150805,0.9425996204933587,0.8917168867803564
526,2875.png,0.9779487408865232,0.9568490153172866,0.9753747323340471,0.9805363709749754
527,3677.png,0.9422492401215806,0.8908045977011494,0.9185654439562685,0.9671866594943518
528,1334.png,0.8314061917195076,0.7114586658155123,0.9636835278858625,0.7310593637258117
529,2255.png,0.8296296296296296,0.7088607594936709,0.8235294117647058,0.835820895522388
530,474.png,0.943716268311488,0.8934306569343066,0.9760765550239234,0.9134328358208955
531,3445.png,0.912534435261708,0.8391386953768207,0.8691374221056084,0.9604929322218195
532,1209.png,0.23759263417920504,0.13481141692150866,0.1354673495518566,0.9653284671532847
533,2118.png,0.983959390862944,0.9684252597921663,0.9771146284907752,0.9909007258971475
534,828.png,0.9281961471103328,0.8660130718954249,0.9097596861206474,0.9473953013278856
535,909.png,0.831468181058961,0.7115494568324757,0.9741682974559687,0.7252331002331003
536,1902.png,0.9738073533880279,0.9489517943858818,0.9738665370122767,0.9737481769567331
537,1631.png,0.7708333333333333,0.6271186440677966,0.8856382978723404,0.6823770491803278
538,167.png,0.9730155603702973,0.9474491752972766,0.9622126996493962,0.9840637450199203
539,2908.png,0.7411337615191288,0.5887311446317658,0.8732178109234481,0.64375808538163
540,640.png,0.9497594271008168,0.9043255913062007,0.9307017543859649,0.9696138907927805
541,3253.png,0.9274275979557068,0.8646759847522236,0.8980534477070273,0.9587883057414582
542,28.png,0.8507570295602019,0.740276035131744,0.740276035131744,1.0
543,159.png,0.75,0.6,0.8110749185667753,0.6974789915966386
544,1453.png,0.9810714595814883,0.9628461866212186,0.9769150959709494,0.9852633414719218
545,2218.png,0.918954248366013,0.8500604594921403,0.9012820512820513,0.9373333333333334
546,2723.png,0.9549457300839649,0.9137762100725064,0.956414726694698,0.9534812391371026
547,526.png,0.963971512358609,0.9304488475535786,0.9704765921552088,0.9575530586766542
548,3724.png,0.8179302711676811,0.6919475655430711,0.7172436104820447,0.9515021459227467
549,2906.png,0.9565217391304347,0.9166666666666666,0.9434086422461067,0.9700045105999098
550,731.png,0.9649289099526066,0.9322344322344323,0.954375,0.9757188498402556
551,557.png,0.8036018495984425,0.6716842961757526,0.6894967634161621,0.9629629629629629
552,3584.png,0.9224533909754121,0.8560682046138415,0.9055702917771883,0.9399779735682819
553,2140.png,0.942685370741483,0.8915845337376801,0.9453376205787781,0.9400479616306955
554,944.png,0.8408779149519889,0.7254437869822485,0.7503059975520195,0.9563182527301092
555,2085.png,0.9486910994764397,0.9023904382470119,0.9320987654320988,0.9658848614072495
556,3420.png,0.9126314422952096,0.8393027698185291,0.8750311177495643,0.9536082474226805
557,485.png,0.005707151774567505,0.0028617420854945446,0.021768707482993196,0.003284072249589491
558,3979.png,0.951530612244898,0.9075425790754258,0.9688311688311688,0.9348370927318296
559,17.png,0.5529411764705883,0.3821138211382114,0.3821138211382114,1.0
560,234.png,0.0,0.0,0.0,0.0
561,1991.png,0.9573664328116568,0.9182194616977226,0.9704595185995624,0.9446219382321619
562,2646.png,0.8923544024289263,0.8056316969847994,0.8377818087587457,0.9545320342485976
563,3032.png,0.9244604316546763,0.8595317725752508,0.9379562043795621,0.9113475177304965
564,1292.png,0.9473003556417717,0.8998771498771498,0.9814649397052255,0.9154342845240575
565,3939.png,0.9673928125433606,0.9368449341574846,0.9595375722543352,0.9753777280358142
566,824.png,0.9622595568541515,0.9272641952135148,0.9729197439684885,0.9518304431599229
567,3165.png,0.9395125080179603,0.8859251194580536,0.9092997268438043,0.971802016985138
568,1107.png,0.9618477331052181,0.9264996704021095,0.945191661062542,0.9791013584117032
569,2678.png,0.9448424485992195,0.8954515345550894,0.981604744039695,0.9107343364024253
570,2139.png,0.8016987912446912,0.6690294438386042,0.9863344051446945,0.6752889378095762
571,3920.png,0.8826728826728826,0.7899860917941586,0.8022598870056498,0.9810017271157168
572,428.png,0.9602989257356375,0.9236298292902066,0.976258309591643,0.9448529411764706
573,2324.png,0.0,0.0,0.0,0.0
574,97.png,0.0,0.0,0.0,0.0
575,1933.png,0.9404309252217998,0.8875598086124402,0.9115479115479116,0.9712041884816754
576,2253.png,0.7119266055045871,0.5527065527065527,0.5542857142857143,0.9948717948717949
577,742.png,0.0,0.0,0.0,0.0
578,2130.png,0.9563758389261745,0.9163987138263665,0.9405940594059405,0.9726962457337884
579,3207.png,0.8624371859296481,0.7581446714522363,0.8902866035533653,0.836277256669509
580,1161.png,0.8752507019655034,0.7781740370898717,0.8252647503782148,0.9316823228010248
581,1377.png,0.9486366518706404,0.902291917973462,0.9608220937700707,0.936756418284283
582,1560.png,0.9426644182124789,0.8915470494417863,0.9832893579595426,0.9052631578947369
583,307.png,0.0,0.0,0.0,0.0
584,3417.png,0.6914628518689432,0.528424319368035,0.9292979409575788,0.5505584950029394
585,1356.png,0.9569474080582403,0.9174488567990373,0.964819033156163,0.9492031872509961
586,2452.png,0.5372050816696914,0.36724565756823824,0.37755102040816324,0.9308176100628931
587,2204.png,0.9528519617540389,0.9099496221662469,0.9174603174603174,0.9910836762688614
588,991.png,0.0,0.0,0.0,0.0
589,728.png,0.9682337992376112,0.9384236453201971,0.9554858934169279,0.9813264649066323
590,2142.png,0.8377808988764045,0.720845921450151,0.9636510500807755,0.7409937888198758
591,2737.png,0.9427480916030534,0.8916967509025271,0.9285714285714286,0.9573643410852714
592,2043.png,0.17438423645320197,0.09552077711818673,1.0,0.09552077711818673
593,1047.png,0.42245199409158046,0.26779026217228463,0.8773006134969326,0.2782101167315175
594,3878.png,0.8861985472154965,0.7956521739130434,0.9941496030087756,0.7993951612903226
595,2179.png,0.9624305782424045,0.9275818639798489,0.9892545332437878,0.9370229007633588
596,2570.png,0.9486552567237164,0.9023255813953488,0.943094080640549,0.9542824074074074
597,2094.png,0.9575903614457832,0.9186315302820157,0.9707750388629802,0.944759023125135
598,2432.png,0.9135082604470359,0.8407871198568873,0.8501891136326262,0.9870179457808324
599,242.png,0.9753623188405796,0.9519094766619519,0.9593727726300784,0.9918938835666913
600,2356.png,0.2336459286367795,0.13227581741663968,0.8129725427775567,0.13642737896494156
601,1233.png,0.919327413565086,0.8506993006993007,0.9751503006012024,0.8695496783416726
602,3101.png,0.005998286203941732,0.0030081650193382035,0.003481720964934096,0.021638330757341576
603,52.png,0.8358771433955154,0.7180317254775008,0.9917281466577241,0.7223579221625143
604,1109.png,0.9795711632618606,0.9599602911978822,0.973816717019134,0.9853940217391305
605,3760.png,0.4591163864160896,0.2979565636032952,0.3056073740809832,0.9224908910235177
606,3630.png,0.9543297380585516,0.9126488270658965,0.9592367736339983,0.9494726514594064
607,2692.png,0.8387776606954689,0.7223230490018149,0.7526475037821483,0.9471680152308425
608,1674.png,0.9447165850244926,0.8952254641909815,0.9453781512605042,0.9440559440559441
609,81.png,0.17391304347826084,0.09523809523809523,0.09523809523809523,1.0
610,155.png,0.0,0.0,0.0,0.0
611,2268.png,0.6936642717178315,0.531,0.7375,0.654747225647349
612,2653.png,0.9714621453751888,0.9445079157826016,0.9641786071309564,0.9788565629228687
613,1964.png,0.9331075359864521,0.8746031746031746,0.8887096774193548,0.982174688057041
614,72.png,0.9397590361445783,0.8863636363636364,0.9087378640776699,0.972972972972973
615,2888.png,0.11077694235588971,0.058636243035287874,0.8666666666666667,0.059170013386880854
616,759.png,0.0,0.0,0.0,0.0
617,2514.png,0.9395644727183754,0.8860175357637287,0.9885018019564098,0.8952440161641281
618,1611.png,0.8833294726275964,0.7910385838749827,0.9681787406905891,0.8121539116853613
619,2775.png,0.8237791932059447,0.7003610108303249,0.7003610108303249,1.0
620,613.png,0.954208460532054,0.9124270225187656,0.9666445769825491,0.9420882669537136
621,41.png,0.928721174004193,0.8669275929549902,0.9486081370449678,0.9096509240246407
622,305.png,0.9395604395604396,0.8860103626943006,0.9749144811858609,0.9066808059384942
623,2202.png,0.9327354260089687,0.8739495798319328,0.9386281588447654,0.9269162210338681
624,1450.png,0.897104900363454,0.8134090909090909,0.998047964305633,0.8147052128386069
625,916.png,0.7456063268892795,0.5943957968476358,0.6168665939658307,0.9422543031649084
626,2271.png,0.716824644549763,0.5586334256694367,0.9758064516129032,0.5664794007490637
627,3591.png,0.8195804195804195,0.6943127962085308,0.8042086001829826,0.8355513307984791
628,3483.png,0.8047740835464621,0.6733238231098431,0.681849082256968,0.981769240181084
629,1797.png,0.10617525018306077,0.056063925763629334,0.05805418390497798,0.6205420827389444
630,3758.png,0.9499487068732789,0.9046688605512135,0.965324262043235,0.9350552721088435
631,432.png,0.9586466165413534,0.9205776173285198,0.9649952696310312,0.9523809523809523
632,1755.png,0.6675704839111307,0.5010174841147889,0.5191273290589096,0.9349039057656541
633,1972.png,0.920778318276581,0.8531873792659369,0.9265734265734266,0.9150552486187845
634,1225.png,0.17495335308967183,0.0958624007697859,0.8524064171122995,0.09748043052837574
635,254.png,0.9417971970321517,0.8899968837644125,0.9834710743801653,0.9035115469788042
636,2575.png,0.9131726855740034,0.840218748142424,0.9580452758573946,0.8723154776598371
637,1244.png,0.9279757391963609,0.8656294200848657,0.8780487804878049,0.9839228295819936
638,231.png,0.0,0.0,0.0,0.0
639,2983.png,0.9173296437218956,0.8472843450479233,0.8769012753897024,0.9616659759635309
640,1437.png,0.9380668566986265,0.8833577354807223,0.8898721730580138,0.9917808219178083
641,615.png,0.952453653217012,0.9092234020403914,0.9646565054119726,0.9405556752099935
642,1654.png,0.8445109780439121,0.7308688892727587,0.7722212082496805,0.9317330984364678
643,3462.png,0.8384650215078108,0.72185946788812,0.7334389543519161,0.9785969084423306
644,1604.png,0.931909212283044,0.8725,0.9281914893617021,0.935656836461126
645,729.png,0.9166666666666666,0.8461538461538461,0.8896551724137931,0.9453697534976683
646,3143.png,0.8795082574242761,0.7849306014540648,0.865219291854874,0.894277108433735
647,2193.png,0.9515743756786101,0.9076222038111019,0.9079983423124741,0.9995437956204379
648,3861.png,0.8115653040877369,0.6828859060402684,0.931350114416476,0.7190812720848057
649,3126.png,0.6902151847340642,0.5269683818970862,0.5438259756877799,0.9444444444444444
650,2311.png,0.4841237113402062,0.3193688792165397,0.44168547780285927,0.5355839416058394
651,2401.png,0.9572649572649572,0.9180327868852459,0.9884014120020171,0.928030303030303
652,345.png,0.08505861810925419,0.04441839260127654,0.05835044490075291,0.15685372585096596
653,1101.png,0.9346879535558781,0.8773841961852861,0.9044943820224719,0.9669669669669669
654,2613.png,0.9138727163220238,0.8414048059149722,0.9233265720081136,0.904610492845787
655,3196.png,0.8621414913957934,0.7576877835657873,0.8126520681265207,0.9180494757202484
656,3229.png,0.9367296631059984,0.8809891808346213,0.9336609336609336,0.9398186314921682
657,2358.png,0.06684526087511163,0.03457832915401874,0.20793650793650795,0.03982368141054871
658,1472.png,0.8872053872053872,0.7972768532526475,0.808282208588957,0.9832089552238806
659,1362.png,0.9347996857816182,0.8775811209439528,0.9296875,0.9399684044233807
660,700.png,0.9610738255033557,0.9250645994832042,0.9559412550066756,0.9662618083670715
661,2447.png,0.9313108891355285,0.8714516501269328,0.9749548153885876,0.8914069877242682
662,818.png,0.9260273972602739,0.8622448979591837,0.898936170212766,0.9548022598870056
663,2836.png,0.10175106483672502,0.05360259286960858,0.05360259286960858,1.0
664,1091.png,0.9548563611491108,0.9136125654450262,0.9202373104812129,0.992181947405828
665,1574.png,0.9861051313162942,0.9725911056207536,0.9880774962742176,0.984140625
666,43.png,0.9094269870609982,0.8338983050847457,0.9723320158102767,0.8541666666666666
667,3937.png,0.9748953974895397,0.9510204081632653,0.9620148637489678,0.9881255301102629
668,3750.png,0.9650617528564823,0.9324824505424377,0.9813297515110813,0.9493243243243243
669,1762.png,0.0026578073089701,0.0013306719893546241,0.0013306719893546241,1.0
670,1440.png,0.9755854509217737,0.9523346303501945,0.9697870232788509,0.981453634085213
671,1447.png,0.9657056974996584,0.9336856010568032,0.9854991634132738,0.9466916688990088
672,2109.png,0.9042637862421831,0.8252568226626543,0.861646803900325,0.9513157894736842
673,226.png,0.4448246364414029,0.28602860286028603,0.30127462340672073,0.8496732026143791
674,1113.png,0.9730994152046785,0.9476082004555809,0.9675824974560255,0.9786796059403029
675,2644.png,0.8515068493150684,0.7414122137404581,0.7908396946564885,0.9222551928783382
676,1832.png,0.9489795918367346,0.9029126213592233,0.9189723320158103,0.9810126582278481
677,619.png,0.8712132517534696,0.7718138551031201,0.8590347263095939,0.8837420526793823
678,1296.png,0.9616486665197267,0.926130333262577,0.9764995523724261,0.9472427268779853
679,928.png,0.6210023281460605,0.4503287719921806,0.906618962432916,0.4722325754752143
680,3194.png,0.9155962445700406,0.8443314955203308,0.8832116788321168,0.9504460822342902
681,2797.png,0.8330596606458676,0.7138836772983115,0.7679112008072654,0.9102870813397129
682,701.png,0.9687292082501664,0.9393548387096774,0.9719626168224299,0.9655172413793104
683,1490.png,0.9358752166377816,0.8794788273615635,0.9473684210526315,0.9246575342465754
684,1030.png,0.9503930604499865,0.9054752066115702,0.9255543822597677,0.9766016713091922
685,15.png,0.25925925925925924,0.14893617021276595,0.14933333333333335,0.9824561403508771
686,826.png,0.9351501387837496,0.8781990521327014,0.9123584441161989,0.9591097308488613
687,2583.png,0.9468226761481146,0.8990154408995534,0.9223381354528896,0.9726426076833528
688,1265.png,0.9567311200291865,0.917051335851168,0.9735669735669735,0.9404676516998995
689,3354.png,0.9414681470302899,0.8894093686354378,0.9495542509241139,0.9335185976913211
690,3082.png,0.8366772923307706,0.7192134107027724,0.7546510316833915,0.9387096774193548
691,1566.png,0.9793915603532876,0.9596153846153846,0.9920477137176938,0.9670542635658915
692,206.png,0.9669504714821935,0.9360155973059199,0.9765162721893491,0.957570262919311
693,869.png,0.24549403826601346,0.1399220313981667,0.4562006183442116,0.16793120890237734
694,3753.png,0.7639312090068688,0.6180329238739868,0.6919910179640718,0.852564841498559
695,3531.png,0.8446310737852429,0.731048805815161,0.7569892473118279,0.9552238805970149
696,612.png,0.9499349804941482,0.9046439628482972,0.9200251889168766,0.9818548387096774
697,1875.png,0.6397618260006616,0.4703307392996109,0.47800296589223923,0.967
698,2091.png,0.9457903836473859,0.8971559061656633,0.9598862778197326,0.9321024933137779
699,1059.png,0.9421547360809833,0.8906356801093643,0.9150280898876404,0.9709388971684053
700,2264.png,0.9805642633228839,0.9618696186961869,0.981425702811245,0.9797043347531947
701,334.png,0.929936305732484,0.8690476190476191,0.901930501930502,0.9597370583401807
702,1760.png,0.0013297872340425532,0.0006653359946773121,0.0006653359946773121,1.0
703,3411.png,0.9096677241609618,0.8343032159264931,0.9441941074523397,0.8775773195876289
704,250.png,0.9355992844364938,0.8789915966386554,0.8887000849617672,0.987724268177526
705,1153.png,0.9461346633416459,0.8977756743965926,0.9489744872436218,0.9433117851815017
706,2852.png,0.9687218153613045,0.9393409361225775,0.9508835298700379,0.9872421780212508
707,2980.png,0.20918599363346976,0.11681056373793804,0.4008714596949891,0.14151668974004
708,2433.png,0.12622549019607843,0.06736429038587312,0.06775201447130406,0.9217002237136466
709,3074.png,0.9552987684354569,0.9144229369815166,0.9652788446766016,0.945522949586155
710,379.png,0.28237810856582585,0.16440062272963155,0.19246658566221142,0.5299431247909
711,2762.png,0.9280797000055969,0.8658103592314118,0.90286398780355,0.9547443574389682
712,2605.png,0.94932947884044,0.903546316111281,0.9388500635324015,0.9600454766931947
713,2523.png,0.8930899608865711,0.806831566548881,0.9675141242937854,0.8292978208232445
714,3945.png,0.8946236559139785,0.8093385214007782,0.8221343873517787,0.9811320754716981
715,46.png,0.8057324840764332,0.6746666666666666,1.0,0.6746666666666666
716,2235.png,0.5946872322193659,0.42317073170731706,0.9455040871934605,0.43375
717,39.png,0.9676025917926566,0.9372384937238494,0.9471458773784355,0.9889624724061811
718,2681.png,0.9531305479938454,0.9104578858111928,0.9749394673123487,0.9322759898124566
719,2361.png,0.6104757747708424,0.4393415844694352,0.5222554144884242,0.7345588235294118
720,1688.png,0.9154713114754099,0.8441190363722249,0.9662070829954041,0.8697980043806279
721,1079.png,0.9268774703557313,0.8637200736648251,0.9305555555555556,0.9232283464566929
722,83.png,0.5494610778443113,0.3787978863936592,0.7511460379829732,0.4331570996978852
723,626.png,0.9730830128930106,0.9475770925110132,0.9777272727272728,0.9684826654660063
724,588.png,0.9045788185948967,0.8257817485641353,0.9219807623797649,0.8878216123499142
725,2789.png,0.9567945244545843,0.9171678512848551,0.9397759103641457,0.9744408945686901
726,2365.png,0.9700683478670751,0.9418764302059497,0.9616822429906542,0.978601997146933
727,1262.png,0.959918080748976,0.9229254571026723,0.9772151898734177,0.9432226534425758
728,1837.png,0.9796675191815857,0.9601453816267703,0.9867971919881496,0.9726401320383419
729,1658.png,0.38224072147069027,0.2362778730703259,0.23852813852813853,0.9616055846422339
730,3002.png,0.8850488354620587,0.793800539083558,0.8191933240611962,0.9624183006535948
731,795.png,0.9746359340341402,0.9505267118133935,0.9781262098335269,0.9711704785700558
732,2362.png,0.8867971091133439,0.7966176843172029,0.9392830470500373,0.8398664440734558
733,344.png,0.9631512071156291,0.928921568627451,0.9727926078028748,0.9536990437845999
734,3533.png,0.9452985341437253,0.8962711864406779,0.9463135289906943,0.9442857142857143
735,3512.png,0.9742277462986656,0.9497505345687812,0.9877687175685693,0.9610530111792283
736,1195.png,0.9074131308225529,0.8305180635254182,0.8523556735235568,0.9700745775512131
737,3542.png,0.8360616844602611,0.7183041174072564,0.8187732342007435,0.8540959767329133
738,2766.png,0.90020132297958,0.8185146443514645,0.8527680906713164,0.9532220733341454
739,3748.png,0.27145299145299145,0.15704113924050633,0.15958729733351198,0.9077743902439024
740,2133.png,0.8818342151675486,0.7886435331230284,0.9615384615384616,0.8143322475570033
741,3660.png,0.9166506993676948,0.8461266360099045,0.9140236912495223,0.9192928516525749
742,946.png,0.7458100558659219,0.5946547884187082,0.653610771113831,0.8682926829268293
743,352.png,0.9381348107109879,0.8834782608695653,0.8868715083798883,0.9956879655037241
744,1426.png,0.5219918916851526,0.3531725494255253,0.3657020364415863,0.9115682607534064
745,993.png,0.4466114090687469,0.28750784682988073,0.6785185185185185,0.3328488372093023
746,2221.png,0.9764337851929094,0.9539527302363489,0.965360824742268,0.9877637130801687
747,1302.png,0.9735062006764374,0.9483800109829764,0.9673715165943145,0.9797191887675507
748,1521.png,0.9225262081309129,0.8561936402467963,0.9342309684101502,0.9111111111111111
749,1307.png,0.9779884862851338,0.9569251159708416,0.9691275167785235,0.987012987012987
750,539.png,0.9726944873776404,0.9468405215646941,0.9864158829676071,0.959349593495935
751,877.png,0.9680811115283515,0.9381368267831149,0.9576523031203567,0.9787395596051632
752,1598.png,0.8740515933232169,0.7762803234501348,0.8421052631578947,0.9085173501577287
753,866.png,0.9430811179277439,0.8922928087713641,0.9476027397260274,0.9386024423337856
754,23.png,0.9783083044538571,0.9575376884422111,0.9741820040899796,0.9824697086878061
755,2829.png,0.5407148615963451,0.3705340699815838,0.38514548238897395,0.9071235347159603
756,3482.png,0.9418748892433103,0.8901356556690672,0.9032970768184908,0.9838948537578674
757,1315.png,0.9523402436418038,0.909016727866177,0.9950870924519875,0.9131147540983606
758,3863.png,0.9578454332552694,0.9191011235955057,0.9359267734553776,0.9808153477218226
759,1339.png,0.972020725388601,0.9455645161290323,0.9791231732776617,0.9650205761316872
760,2984.png,0.9173296437218956,0.8472843450479233,0.8769012753897024,0.9616659759635309
761,3393.png,0.8996282527881041,0.8175675675675675,0.9391979301423027,0.8632580261593341
762,3538.png,0.9210526315789475,0.8536585365853658,0.8728179551122195,0.9749303621169917
763,633.png,0.9410856701826602,0.8887269193391643,0.9481596682218766,0.9341164453524005
764,1839.png,0.8645656455885349,0.7614404498414787,0.8197977716236233,0.9145053523960055
765,2923.png,0.9483936250948647,0.9018522973298051,0.9309659796374472,0.9664862077855118
766,2919.png,0.0,0.0,0.0,0.0
767,3605.png,0.9590145905125009,0.9212565150021129,0.9787488775815624,0.9400603708495041
768,1722.png,0.8374487251668945,0.7203542272035423,0.8852236014283286,0.7945665445665445
769,2194.png,0.9635662237462495,0.9296939619520265,0.9316203895565686,0.9977807367953839
770,843.png,0.9614835948644793,0.9258241758241759,0.980007270083606,0.9436471823591179
771,1501.png,0.9662837535431895,0.9347669216337133,0.9570035460992907,0.9757457065381139
772,2991.png,0.916699372056515,0.8462095824653564,0.8664564592413985,0.9731277991875846
773,2958.png,0.8221897200167154,0.6980663473478801,0.8931003177485247,0.7617111885404568
774,2073.png,0.9032258064516129,0.8235294117647058,0.9585062240663901,0.8539741219963032
775,3927.png,0.9011363636363636,0.8200620475698035,0.9318448883666275,0.8723872387238724
776,1406.png,0.9191176470588235,0.8503401360544217,0.8880994671403197,0.9523809523809523
777,480.png,0.9297163995067818,0.868663594470046,0.9592875318066157,0.9019138755980861
778,437.png,0.886676247177171,0.7964226442928268,0.8021916790490342,0.9910509407985314
779,61.png,0.9554098360655737,0.9146264908976773,0.9327784891165173,0.9791666666666666
780,2741.png,0.9335863377609108,0.8754448398576512,0.924812030075188,0.9425287356321839
781,313.png,0.8698310265772268,0.7696468820435762,0.8137909119796631,0.9341601313149736
782,2785.png,0.9528854983400437,0.9100107933081489,0.9471984271871928,0.9586412734508243
783,3986.png,0.9832664914949523,0.9670837867247007,0.9909407665505227,0.9757101687937423
784,2704.png,0.8298241268268517,0.7091447925486876,0.7106491302503182,0.9970238095238095
785,165.png,0.9627690517742874,0.9282108805384184,0.9676476320405379,0.9579394173258731
786,3579.png,0.6996106239513754,0.5380008763815181,0.5685326198806339,0.9092405167448366
787,2120.png,0.9119804400977994,0.8382022471910112,0.8400900900900901,0.9973262032085561
788,1322.png,0.9504950495049506,0.9056603773584906,0.9253012048192771,0.9770992366412213
789,3153.png,0.5043322378249178,0.3371953655613264,0.3635580443678656,0.8230131643100926
790,858.png,0.9589412962334578,0.9211212516297262,0.9464166108506363,0.9718019257221459
791,602.png,0.0,0.0,0.0,0.0
792,1149.png,0.0,0.0,0.0,0.0
793,3063.png,0.8616884783166538,0.7569882777276826,0.9205043859649122,0.8099372889532079
794,3689.png,0.9329345658872575,0.8742993035501954,0.8977847549276121,0.9709488775702697
795,1918.png,0.8409703504043126,0.7255813953488373,0.8041237113402062,0.8813559322033898
796,744.png,0.0,0.0,0.0,0.0
797,253.png,0.9417971970321517,0.8899968837644125,0.9834710743801653,0.9035115469788042
